Query,Nombre,Precio,URL,Estado general
"Xu-Ifit, Osteoharmonist","Xu-Ifit, Osteoharmonist (Borderless) [Edge of Eternities]",$4.200 CLP,https://inekosingles.com/products/xu-ifit-osteoharmonist-borderless-edge-of-eternities?_pos=1&_sid=833016449&_ss=r,Parcial / Hay disponible
"Xu-Ifit, Osteoharmonist","Xu-Ifit, Osteoharmonist [Edge of Eternities]",Agotado,https://inekosingles.com/products/xu-ifit-osteoharmonist-edge-of-eternities?_pos=3&_sid=833016449&_ss=r,Parcial / Hay disponible
"Xu-Ifit, Osteoharmonist","Xu-Ifit, Osteoharmonist [Edge of Eternities Promo Pack]",Agotado,https://inekosingles.com/products/xu-ifit-osteoharmonist-edge-of-eternities-promo-pack?_pos=4&_sid=833016449&_ss=r,Parcial / Hay disponible
"Xu-Ifit, Osteoharmonist","Xu-Ifit, Osteoharmonist [Edge of Eternities Prerelease Promos]",Agotado,https://inekosingles.com/products/xu-ifit-osteoharmonist-edge-of-eternities-prerelease-promos?_pos=5&_sid=833016449&_ss=r,Parcial / Hay disponible
Transmogrant Altar,Transmogrant Altar,Agotado,https://inekosingles.com/search?q=Transmogrant%20Altar,Todo agotado
Cult Conscript,Cult Conscript,Agotado,https://inekosingles.com/search?q=Cult%20Conscript,Todo agotado
Forever Young,Forever Young [Throne of Eldraine],$288 CLP,https://inekosingles.com/products/forever-young-throne-of-eldraine?_pos=1&_sid=11fadb68d&_ss=r,Parcial / Hay disponible
Doomed Dissenter,Doomed Dissenter [Innistrad: Crimson Vow],$216 CLP,https://inekosingles.com/products/doomed-dissenter-innistrad-crimson-vow?_pos=1&_sid=763084b30&_ss=r,Parcial / Hay disponible
Doomed Dissenter,Doomed Dissenter [Mystery Booster],$252 CLP,https://inekosingles.com/products/doomed-dissenter-mystery-booster?_pos=2&_sid=763084b30&_ss=r,Parcial / Hay disponible
Doomed Dissenter,Doomed Dissenter [Core Set 2019],$240 CLP,https://inekosingles.com/products/doomed-dissenter-core-set-2019?_pos=3&_sid=763084b30&_ss=r,Parcial / Hay disponible
Doomed Dissenter,Doomed Dissenter [Amonkhet],$240 CLP,https://inekosingles.com/products/doomed-dissenter-amonkhet?_pos=4&_sid=763084b30&_ss=r,Parcial / Hay disponible
Doomed Dissenter,Doomed Dissenter [Innistrad: Double Feature],$300 CLP,https://inekosingles.com/products/doomed-dissenter-innistrad-double-feature?_pos=5&_sid=763084b30&_ss=r,Parcial / Hay disponible
Doomed Dissenter,Doomed Dissenter [Jumpstart 2022],Agotado,https://inekosingles.com/products/doomed-dissenter-jumpstart-2022?_pos=6&_sid=763084b30&_ss=r,Parcial / Hay disponible
Doomed Dissenter,Doomed Dissenter [Battlebond],Agotado,https://inekosingles.com/products/doomed-dissenter-battlebond?_pos=7&_sid=763084b30&_ss=r,Parcial / Hay disponible
Doomed Dissenter,Doomed Dissenter [Foundations Jumpstart],Agotado,https://inekosingles.com/products/doomed-dissenter-foundations-jumpstart?_pos=8&_sid=763084b30&_ss=r,Parcial / Hay disponible
Doomed Dissenter,Doomed Dissenter [Game Night: Free-for-All],Agotado,https://inekosingles.com/products/doomed-dissenter-game-night-free-for-all?_pos=9&_sid=763084b30&_ss=r,Parcial / Hay disponible
Hobbling Zombie,Hobbling Zombie [Innistrad: Double Feature],$300 CLP,https://inekosingles.com/products/hobbling-zombie-innistrad-double-feature?_pos=1&_sid=b00dbceaf&_ss=r,Parcial / Hay disponible
Hobbling Zombie,Hobbling Zombie [Innistrad: Midnight Hunt],$216 CLP,https://inekosingles.com/products/hobbling-zombie-innistrad-midnight-hunt?_pos=2&_sid=b00dbceaf&_ss=r,Parcial / Hay disponible
Driver of the Dead,Driver of the Dead [Double Masters],$240 CLP,https://inekosingles.com/products/driver-of-the-dead-double-masters?_pos=1&_sid=2cc27f85f&_ss=r,Parcial / Hay disponible
Driver of the Dead,Driver of the Dead [Mystery Booster],$240 CLP,https://inekosingles.com/products/driver-of-the-dead-mystery-booster?_pos=2&_sid=2cc27f85f&_ss=r,Parcial / Hay disponible
Driver of the Dead,Driver of the Dead [Avacyn Restored],Agotado,https://inekosingles.com/products/driver-of-the-dead-avacyn-restored?_pos=3&_sid=2cc27f85f&_ss=r,Parcial / Hay disponible
Driver of the Dead,Driver of the Dead [Foundations],Agotado,https://inekosingles.com/products/driver-of-the-dead-foundations?_pos=4&_sid=2cc27f85f&_ss=r,Parcial / Hay disponible
Driver of the Dead,Driver of the Dead [Conspiracy: Take the Crown],Agotado,https://inekosingles.com/products/driver-of-the-dead-conspiracy-take-the-crown?_pos=5&_sid=2cc27f85f&_ss=r,Parcial / Hay disponible
Driver of the Dead,Driver of the Dead [Duel Decks: Blessed vs. Cursed],Agotado,https://inekosingles.com/products/driver-of-the-dead-duel-decks-blessed-vs-cursed?_pos=6&_sid=2cc27f85f&_ss=r,Parcial / Hay disponible
Boon of Erebos,Boon of Erebos,Agotado,https://inekosingles.com/search?q=Boon%20of%20Erebos,Todo agotado
Lampad of Death's Vigil,Lampad of Death's Vigil,No encontrado,https://inekosingles.com/search?q=Lampad%20of%20Death%27s%20Vigil,No encontrado
Dreadfeast Demon,Dreadfeast Demon [Innistrad: Double Feature],$588 CLP,https://inekosingles.com/products/dreadfeast-demon-innistrad-double-feature?_pos=1&_sid=8b2ec28c1&_ss=r,Parcial / Hay disponible
Dreadfeast Demon,Dreadfeast Demon [Innistrad: Crimson Vow],$396 CLP,https://inekosingles.com/products/dreadfeast-demon-innistrad-crimson-vow?_pos=2&_sid=8b2ec28c1&_ss=r,Parcial / Hay disponible
Dreadfeast Demon,Dreadfeast Demon (Extended Art) [Innistrad: Crimson Vow],$540 CLP,https://inekosingles.com/products/dreadfeast-demon-extended-art-innistrad-crimson-vow?_pos=3&_sid=8b2ec28c1&_ss=r,Parcial / Hay disponible
Dreadfeast Demon,Dreadfeast Demon [Innistrad: Crimson Vow Prerelease Promos],Agotado,https://inekosingles.com/products/dreadfeast-demon-innistrad-crimson-vow-prerelease-promos?_pos=6&_sid=8b2ec28c1&_ss=r,Parcial / Hay disponible
Bushmeat Poacher,Bushmeat Poacher [Ikoria: Lair of Behemoths],$216 CLP,https://inekosingles.com/products/bushmeat-poacher-ikoria-lair-of-behemoths?_pos=1&_sid=ab605dc39&_ss=r,Parcial / Hay disponible
Bushmeat Poacher,Bushmeat Poacher [The List],Agotado,https://inekosingles.com/products/bushmeat-poacher-the-list-reprints?_pos=4&_sid=ab605dc39&_ss=r,Parcial / Hay disponible
Bushmeat Poacher,Bushmeat Poacher [Game Night: Free-for-All],Agotado,https://inekosingles.com/products/bushmeat-poacher-game-night-free-for-all?_pos=5&_sid=ab605dc39&_ss=r,Parcial / Hay disponible
Witch's Cauldron,Witch's Cauldron,No encontrado,https://inekosingles.com/search?q=Witch%27s%20Cauldron,No encontrado
March of the Drowned,March of the Drowned,Agotado,https://inekosingles.com/search?q=March%20of%20the%20Drowned,Todo agotado
Unholy Indenture,Unholy Indenture,Agotado,https://inekosingles.com/search?q=Unholy%20Indenture,Todo agotado
Vampiric Rites,Vampiric Rites,Agotado,https://inekosingles.com/search?q=Vampiric%20Rites,Todo agotado
"Gollum, Patient Plotter","Gollum, Patient Plotter",Agotado,https://inekosingles.com/search?q=Gollum%2C%20Patient%20Plotter,Todo agotado
Demonic Vigor,Demonic Vigor [Dominaria],$240 CLP,https://inekosingles.com/products/demonic-vigor-dominaria?_pos=1&_sid=aa7bdff27&_ss=r,Parcial / Hay disponible
Demonic Vigor,Demonic Vigor [Mystery Booster],Agotado,https://inekosingles.com/products/demonic-vigor-mystery-booster?_pos=5&_sid=aa7bdff27&_ss=r,Parcial / Hay disponible
Aid the Fallen,Aid the Fallen [War of the Spark],$240 CLP,https://inekosingles.com/products/aid-the-fallen-war-of-the-spark?_pos=1&_sid=3efb4c160&_ss=r,Parcial / Hay disponible
Aid the Fallen,Aid the Fallen [Mystery Booster],Agotado,https://inekosingles.com/products/aid-the-fallen-mystery-booster?_pos=5&_sid=3efb4c160&_ss=r,Parcial / Hay disponible
Final Parting,Final Parting,Agotado,https://inekosingles.com/search?q=Final%20Parting,Todo agotado
Illicit Shipment,Illicit Shipment [Streets of New Capenna],$240 CLP,https://inekosingles.com/products/illicit-shipment-streets-of-new-capenna?_pos=1&_sid=36953d129&_ss=r,Parcial / Hay disponible
Raise the Draugr,Raise the Draugr,Agotado,https://inekosingles.com/search?q=Raise%20the%20Draugr,Todo agotado
Kor Dirge,Kor Dirge [Time Spiral Remastered],$240 CLP,https://inekosingles.com/products/kor-dirge-time-spiral-remastered?_pos=1&_sid=ad1aa9167&_ss=r,Parcial / Hay disponible
Kor Dirge,Kor Dirge [Planar Chaos],Agotado,https://inekosingles.com/products/kor-dirge-planar-chaos?_pos=2&_sid=ad1aa9167&_ss=r,Parcial / Hay disponible
Liliana's Triumph,Liliana's Triumph,No encontrado,https://inekosingles.com/search?q=Liliana%27s%20Triumph,No encontrado
Salt Road Skirmish,Salt Road Skirmish [Tarkir: Dragonstorm],$216 CLP,https://inekosingles.com/products/salt-road-skirmish-tarkir-dragonstorm?_pos=1&_sid=cc129c6ba&_ss=r,Parcial / Hay disponible
Phthisis,Phthisis [Time Spiral Remastered],$288 CLP,https://inekosingles.com/products/phthisis-time-spiral-remastered?_pos=1&_sid=bd56868bc&_ss=r,Parcial / Hay disponible
Phthisis,Phthisis [Dungeons & Dragons: Adventures in the Forgotten Realms Commander],$300 CLP,https://inekosingles.com/products/phthisis-dungeons-dragons-adventures-in-the-forgotten-realms-commander?_pos=2&_sid=bd56868bc&_ss=r,Parcial / Hay disponible
Phthisis,Phthisis [Commander 2013],Agotado,https://inekosingles.com/products/phthisis-commander-2013?_pos=6&_sid=bd56868bc&_ss=r,Parcial / Hay disponible
Phthisis,Phthisis [Modern Masters],Agotado,https://inekosingles.com/products/phthisis-modern-masters?_pos=7&_sid=bd56868bc&_ss=r,Parcial / Hay disponible
Phthisis,Phthisis [Time Spiral],Agotado,https://inekosingles.com/products/phthisis-time-spiral?_pos=8&_sid=bd56868bc&_ss=r,Parcial / Hay disponible
Soul Salvage,Soul Salvage [Core Set 2020],$204 CLP,https://inekosingles.com/products/soul-salvage-core-set-2020?_pos=1&_sid=e4de00dbc&_ss=r,Parcial / Hay disponible
Soul Salvage,Soul Salvage [Dominaria],Agotado,https://inekosingles.com/products/soul-salvage-dominaria?_pos=4&_sid=e4de00dbc&_ss=r,Parcial / Hay disponible
Soul Salvage,Soul Salvage [Jumpstart],Agotado,https://inekosingles.com/products/soul-salvage-jumpstart?_pos=5&_sid=e4de00dbc&_ss=r,Parcial / Hay disponible
Dockside Chef,Dockside Chef,Agotado,https://inekosingles.com/search?q=Dockside%20Chef,Todo agotado
Abyssal Gorestalker,Abyssal Gorestalker [The Lost Caverns of Ixalan],$204 CLP,https://inekosingles.com/products/abyssal-gorestalker-the-lost-caverns-of-ixalan?_pos=1&_sid=aad2b5c0a&_ss=r,Parcial / Hay disponible
Dusk Mangler,Dusk Mangler,Agotado,https://inekosingles.com/search?q=Dusk%20Mangler,Todo agotado
Incriminate,Incriminate [Streets of New Capenna],$180 CLP,https://inekosingles.com/products/incriminate-streets-of-new-capenna?_pos=1&_sid=5d8b58348&_ss=r,Parcial / Hay disponible
Incriminate,Incriminate (Promo Pack) [Streets of New Capenna],Agotado,https://inekosingles.com/products/incriminate-promo-pack-streets-of-new-capenna?_pos=2&_sid=5d8b58348&_ss=r,Parcial / Hay disponible
Eternal Taskmaster,Eternal Taskmaster [War of the Spark],$240 CLP,https://inekosingles.com/products/eternal-taskmaster-war-of-the-spark?_pos=1&_sid=744e82fbc&_ss=r,Parcial / Hay disponible
Eternal Taskmaster,Eternal Taskmaster [Jumpstart],Agotado,https://inekosingles.com/products/eternal-taskmaster-jumpstart?_pos=7&_sid=744e82fbc&_ss=r,Parcial / Hay disponible
Eternal Taskmaster,Eternal Taskmaster [Foundations Jumpstart],Agotado,https://inekosingles.com/products/eternal-taskmaster-foundations-jumpstart?_pos=8&_sid=744e82fbc&_ss=r,Parcial / Hay disponible
Mirrodin Avenged,Mirrodin Avenged,Agotado,https://inekosingles.com/search?q=Mirrodin%20Avenged,Todo agotado
Death's Approach,Death's Approach,No encontrado,https://inekosingles.com/search?q=Death%27s%20Approach,No encontrado
Gibbering Barricade,Gibbering Barricade,Agotado,https://inekosingles.com/search?q=Gibbering%20Barricade,Todo agotado
Corpse Blockade,Corpse Blockade,Agotado,https://inekosingles.com/search?q=Corpse%20Blockade,Todo agotado
Worthy Cost,Worthy Cost [Tarkir: Dragonstorm],$216 CLP,https://inekosingles.com/products/worthy-cost-tarkir-dragonstorm?_pos=2&_sid=30abbc212&_ss=r,Parcial / Hay disponible
Mutual Destruction,Mutual Destruction [Ikoria: Lair of Behemoths],$192 CLP,https://inekosingles.com/products/mutual-destruction-ikoria-lair-of-behemoths?_pos=1&_sid=6f27986f8&_ss=r,Parcial / Hay disponible
Haunt of the Dead Marshes,Haunt of the Dead Marshes [The Lord of the Rings: Tales of Middle-Earth],$228 CLP,https://inekosingles.com/products/haunt-of-the-dead-marshes-the-lord-of-the-rings-tales-of-middle-earth?_pos=1&_sid=be5803d13&_ss=r,Parcial / Hay disponible
Haunt of the Dead Marshes,Haunt of the Dead Marshes [The Lord of the Rings: Tales of Middle-Earth Showcase Scrolls],Agotado,https://inekosingles.com/products/haunt-of-the-dead-marshes-the-lord-of-the-rings-tales-of-middle-earth-showcase-scrolls?_pos=2&_sid=be5803d13&_ss=r,Parcial / Hay disponible
Fleshbag Marauder,Fleshbag Marauder (Extended Art) [Commander Legends],$1.176 CLP,https://inekosingles.com/products/fleshbag-marauder-extended-art-commander-legends?_pos=1&_sid=7d611b373&_ss=r,Parcial / Hay disponible
Fleshbag Marauder,Fleshbag Marauder [Commander Legends],Agotado,https://inekosingles.com/products/fleshbag-marauder-commander-legends?_pos=2&_sid=7d611b373&_ss=r,Parcial / Hay disponible
Fleshbag Marauder,Fleshbag Marauder [Commander 2011],Agotado,https://inekosingles.com/products/fleshbag-marauder-commander-2011?_pos=3&_sid=7d611b373&_ss=r,Parcial / Hay disponible
Fleshbag Marauder,Fleshbag Marauder [Conspiracy: Take the Crown],Agotado,https://inekosingles.com/products/fleshbag-marauder-conspiracy-take-the-crown?_pos=4&_sid=7d611b373&_ss=r,Parcial / Hay disponible
Fleshbag Marauder,Fleshbag Marauder [Magic Origins],Agotado,https://inekosingles.com/products/fleshbag-marauder-magic-origins?_pos=5&_sid=7d611b373&_ss=r,Parcial / Hay disponible
Fleshbag Marauder,Fleshbag Marauder [Starter Commander Decks],Agotado,https://inekosingles.com/products/fleshbag-marauder-starter-commander-decks?_pos=6&_sid=7d611b373&_ss=r,Parcial / Hay disponible
Fleshbag Marauder,Fleshbag Marauder [Ravnica: Clue Edition],Agotado,https://inekosingles.com/products/fleshbag-marauder-ravnica-clue-edition?_pos=7&_sid=7d611b373&_ss=r,Parcial / Hay disponible
Fleshbag Marauder,Fleshbag Marauder [Shards of Alara],Agotado,https://inekosingles.com/products/fleshbag-marauder-shards-of-alara?_pos=8&_sid=7d611b373&_ss=r,Parcial / Hay disponible
Fleshbag Marauder,Fleshbag Marauder [Game Night 2018],Agotado,https://inekosingles.com/products/fleshbag-marauder-game-night-2018?_pos=9&_sid=7d611b373&_ss=r,Parcial / Hay disponible
Fleshbag Marauder,Fleshbag Marauder [Innistrad: Midnight Hunt Commander],Agotado,https://inekosingles.com/products/fleshbag-marauder-innistrad-midnight-hunt-commander?_pos=10&_sid=7d611b373&_ss=r,Parcial / Hay disponible
Fleshbag Marauder,Fleshbag Marauder [The List],Agotado,https://inekosingles.com/products/fleshbag-marauder-the-list-reprints?_pos=11&_sid=7d611b373&_ss=r,Parcial / Hay disponible
Fleshbag Marauder,Fleshbag Marauder [Aetherdrift Commander],Agotado,https://inekosingles.com/products/fleshbag-marauder-aetherdrift-commander?_pos=12&_sid=7d611b373&_ss=r,Parcial / Hay disponible
Fleshbag Marauder,Fleshbag Marauder [Game Night: Free-for-All],Agotado,https://inekosingles.com/products/fleshbag-marauder-game-night-free-for-all?_pos=13&_sid=7d611b373&_ss=r,Parcial / Hay disponible
Fleshbag Marauder,Fleshbag Marauder [Commander Anthology Volume II],Agotado,https://inekosingles.com/products/fleshbag-marauder-commander-anthology-volume-ii?_pos=14&_sid=7d611b373&_ss=r,Parcial / Hay disponible
Fleshbag Marauder,Fleshbag Marauder [Secret Lair Drop Series],Agotado,https://inekosingles.com/products/fleshbag-marauder-secret-lair-drop-series?_pos=15&_sid=7d611b373&_ss=r,Parcial / Hay disponible
Fleshbag Marauder,Fleshbag Marauder (Sketch Showcase) [Secret Lair Drop Series],Agotado,https://inekosingles.com/products/fleshbag-marauder-sketch-showcase-secret-lair-drop-series?_pos=16&_sid=7d611b373&_ss=r,Parcial / Hay disponible
Fleshbag Marauder,Fleshbag Marauder [Duel Decks: Garruk vs. Liliana],Agotado,https://inekosingles.com/products/fleshbag-marauder-duel-decks-garruk-vs-liliana?_pos=17&_sid=7d611b373&_ss=r,Parcial / Hay disponible
Fleshbag Marauder,Fleshbag Marauder [Duel Decks: Speed vs. Cunning],Agotado,https://inekosingles.com/products/fleshbag-marauder-duel-decks-speed-vs-cunning?_pos=18&_sid=7d611b373&_ss=r,Parcial / Hay disponible
Fleshbag Marauder,Fleshbag Marauder (Garruk vs. Liliana) [Duel Decks Anthology],Agotado,https://inekosingles.com/products/fleshbag-marauder-garruk-vs-liliana-duel-decks-anthology?_pos=19&_sid=7d611b373&_ss=r,Parcial / Hay disponible
Fleshbag Marauder,Fleshbag Marauder (841) (Retro Frame) [Secret Lair Drop Series],Agotado,https://inekosingles.com/products/fleshbag-marauder-841-retro-frame-secret-lair-drop-series?_pos=20&_sid=7d611b373&_ss=r,Parcial / Hay disponible
Pit Keeper,Pit Keeper [Modern Masters 2017],$240 CLP,https://inekosingles.com/products/pit-keeper-modern-masters-2017?_pos=1&_sid=aaf42c130&_ss=r,Parcial / Hay disponible
Pit Keeper,Pit Keeper [Mystery Booster],$240 CLP,https://inekosingles.com/products/pit-keeper-mystery-booster?_pos=2&_sid=aaf42c130&_ss=r,Parcial / Hay disponible
Pit Keeper,Pit Keeper [Time Spiral Remastered],$228 CLP,https://inekosingles.com/products/pit-keeper-time-spiral-remastered?_pos=3&_sid=aaf42c130&_ss=r,Parcial / Hay disponible
Pit Keeper,Pit Keeper [Jumpstart 2022],Agotado,https://inekosingles.com/products/pit-keeper-jumpstart-2022?_pos=6&_sid=aaf42c130&_ss=r,Parcial / Hay disponible
Pit Keeper,Pit Keeper [Time Spiral],Agotado,https://inekosingles.com/products/pit-keeper-time-spiral?_pos=7&_sid=aaf42c130&_ss=r,Parcial / Hay disponible
"Tymaret, Chosen from Death","Tymaret, Chosen from Death [Theros Beyond Death]",$300 CLP,https://inekosingles.com/products/tymaret-chosen-from-death-theros-beyond-death?_pos=1&_sid=bb3e263bb&_ss=r,Parcial / Hay disponible
"Tymaret, Chosen from Death","Tymaret, Chosen from Death (Showcase) [Theros Beyond Death]",$300 CLP,https://inekosingles.com/products/tymaret-chosen-from-death-showcase-theros-beyond-death?_pos=2&_sid=bb3e263bb&_ss=r,Parcial / Hay disponible
"Tymaret, Chosen from Death","Tymaret, Chosen from Death [Multiverse Legends]",$240 CLP,https://inekosingles.com/products/tymaret-chosen-from-death-multiverse-legends?_pos=3&_sid=bb3e263bb&_ss=r,Parcial / Hay disponible
"Tymaret, Chosen from Death","Tymaret, Chosen from Death [The List]",Agotado,https://inekosingles.com/products/tymaret-chosen-from-death-the-list?_pos=4&_sid=bb3e263bb&_ss=r,Parcial / Hay disponible
"Tymaret, Chosen from Death","Tymaret, Chosen from Death [Multiverse Legends] - Español",Agotado,https://inekosingles.com/products/tymaret-chosen-from-death-multiverse-legends-espanol?_pos=5&_sid=bb3e263bb&_ss=r,Parcial / Hay disponible
"Tymaret, Chosen from Death","Tymaret, Chosen from Death (Serialized) [Multiverse Legends]",Agotado,https://inekosingles.com/products/tymaret-chosen-from-death-serialized-multiverse-legends?_pos=6&_sid=bb3e263bb&_ss=r,Parcial / Hay disponible
"Tymaret, Chosen from Death","Tymaret, Chosen from Death (Foil Etched) [Multiverse Legends]",Agotado,https://inekosingles.com/products/tymaret-chosen-from-death-foil-etched-multiverse-legends?_pos=7&_sid=bb3e263bb&_ss=r,Parcial / Hay disponible
"Tymaret, Chosen from Death","Tymaret, Chosen from Death (Halo Foil) [Multiverse Legends]",Agotado,https://inekosingles.com/products/tymaret-chosen-from-death-halo-foil-multiverse-legends?_pos=8&_sid=bb3e263bb&_ss=r,Parcial / Hay disponible
Overwhelming Remorse,Overwhelming Remorse [The Brothers' War],$264 CLP,https://inekosingles.com/products/overwhelming-remorse-the-brothers-war?_pos=1&_sid=1bb587535&_ss=r,Parcial / Hay disponible
Death-Priest of Myrkul,Death-Priest of Myrkul [Dungeons & Dragons: Adventures in the Forgotten Realms],$300 CLP,https://inekosingles.com/products/death-priest-of-myrkul-dungeons-dragons-adventures-in-the-forgotten-realms?_pos=1&_sid=e090f6389&_ss=r,Parcial / Hay disponible
Tendrils of Corruption,Tendrils of Corruption,Agotado,https://inekosingles.com/search?q=Tendrils%20of%20Corruption,Todo agotado
Ob Nixilis's Cruelty,Ob Nixilis's Cruelty,No encontrado,https://inekosingles.com/search?q=Ob%20Nixilis%27s%20Cruelty,No encontrado
Tergrid's Shadow,Tergrid's Shadow,No encontrado,https://inekosingles.com/search?q=Tergrid%27s%20Shadow,No encontrado
Deathbloom Thallid,Deathbloom Thallid [Core Set 2021],$228 CLP,https://inekosingles.com/products/deathbloom-thallid-core-set-2021?_pos=1&_sid=bea417bb9&_ss=r,Parcial / Hay disponible
Deathbloom Thallid,Deathbloom Thallid [Dominaria],Agotado,https://inekosingles.com/products/deathbloom-thallid-dominaria?_pos=3&_sid=bea417bb9&_ss=r,Parcial / Hay disponible
Deathbloom Thallid,Deathbloom Thallid [Jumpstart 2022],Agotado,https://inekosingles.com/products/deathbloom-thallid-jumpstart-2022?_pos=4&_sid=bea417bb9&_ss=r,Parcial / Hay disponible
Golgari Thug,Golgari Thug [Ultimate Masters],$588 CLP,https://inekosingles.com/products/golgari-thug-ultimate-masters?_pos=1&_sid=216e72b1e&_ss=r,Parcial / Hay disponible
Golgari Thug,Golgari Thug (Retro Frame) [Ravnica Remastered],Agotado,https://inekosingles.com/products/golgari-thug-retro-frame-ravnica-remastered?_pos=4&_sid=216e72b1e&_ss=r,Parcial / Hay disponible
Golgari Thug,Golgari Thug [Ravnica: City of Guilds],Agotado,https://inekosingles.com/products/golgari-thug-ravnica-city-of-guilds?_pos=5&_sid=216e72b1e&_ss=r,Parcial / Hay disponible
Golgari Thug,Golgari Thug [Ravnica Remastered],Agotado,https://inekosingles.com/products/golgari-thug-ravnica-remastered?_pos=6&_sid=216e72b1e&_ss=r,Parcial / Hay disponible
Golgari Thug,Golgari Thug [The List],Agotado,https://inekosingles.com/products/golgari-thug-the-list?_pos=7&_sid=216e72b1e&_ss=r,Parcial / Hay disponible
Golgari Thug,Golgari Thug [Duel Decks: Izzet vs. Golgari],Agotado,https://inekosingles.com/products/golgari-thug-duel-decks-izzet-vs-golgari?_pos=8&_sid=216e72b1e&_ss=r,Parcial / Hay disponible
Golgari Thug,Golgari Thug [Secret Lair Drop Series],Agotado,https://inekosingles.com/products/golgari-thug-secret-lair-drop-series?_pos=9&_sid=216e72b1e&_ss=r,Parcial / Hay disponible
Apocalypse Demon,Apocalypse Demon [Hour of Devastation],$432 CLP,https://inekosingles.com/products/apocalypse-demon-hour-of-devastation?_pos=1&_sid=585763ef2&_ss=r,Parcial / Hay disponible
Apocalypse Demon,Apocalypse Demon [Hour of Devastation Prerelease Promos],Agotado,https://inekosingles.com/products/apocalypse-demon-hour-of-devastation-prerelease-promos?_pos=6&_sid=585763ef2&_ss=r,Parcial / Hay disponible
Cremate,Cremate [Invasion],$7.969 CLP,https://inekosingles.com/products/cremate-invasion?_pos=1&_sid=41a910036&_ss=r,Parcial / Hay disponible
Cremate,Cremate [Guildpact],Agotado,https://inekosingles.com/products/cremate-guildpact?_pos=7&_sid=41a910036&_ss=r,Parcial / Hay disponible
Cremate,Cremate [Return to Ravnica],Agotado,https://inekosingles.com/products/cremate-return-to-ravnica?_pos=8&_sid=41a910036&_ss=r,Parcial / Hay disponible
Fake Your Own Death,Fake Your Own Death,Agotado,https://inekosingles.com/search?q=Fake%20Your%20Own%20Death,Todo agotado
Corpse Churn,Corpse Churn [Commander Legends],$300 CLP,https://inekosingles.com/products/corpse-churn-commander-legends?_pos=1&_sid=5396430cd&_ss=r,Parcial / Hay disponible
Corpse Churn,Corpse Churn [Ravnica: Clue Edition],$276 CLP,https://inekosingles.com/products/corpse-churn-ravnica-clue-edition?_pos=2&_sid=5396430cd&_ss=r,Parcial / Hay disponible
Corpse Churn,Corpse Churn [Ikoria: Lair of Behemoths],$204 CLP,https://inekosingles.com/products/corpse-churn-ikoria-lair-of-behemoths?_pos=3&_sid=5396430cd&_ss=r,Parcial / Hay disponible
Corpse Churn,Corpse Churn [Jumpstart 2022],Agotado,https://inekosingles.com/products/corpse-churn-jumpstart-2022?_pos=9&_sid=5396430cd&_ss=r,Parcial / Hay disponible
Corpse Churn,Corpse Churn [Oath of the Gatewatch],Agotado,https://inekosingles.com/products/corpse-churn-oath-of-the-gatewatch?_pos=10&_sid=5396430cd&_ss=r,Parcial / Hay disponible
Persistent Specimen,Persistent Specimen,Agotado,https://inekosingles.com/search?q=Persistent%20Specimen,Todo agotado
Dread Return,Dread Return,Agotado,https://inekosingles.com/search?q=Dread%20Return,Todo agotado
Bitter Revelation,Bitter Revelation [Commander Legends],$300 CLP,https://inekosingles.com/products/bitter-revelation-commander-legends?_pos=1&_sid=7484d5eb6&_ss=r,Parcial / Hay disponible
Bitter Revelation,Bitter Revelation [Khans of Tarkir],Agotado,https://inekosingles.com/products/bitter-revelation-khans-of-tarkir?_pos=4&_sid=7484d5eb6&_ss=r,Parcial / Hay disponible
Bitter Revelation,Bitter Revelation [Mystery Booster],Agotado,https://inekosingles.com/products/bitter-revelation-mystery-booster?_pos=5&_sid=7484d5eb6&_ss=r,Parcial / Hay disponible
Mordor Muster,Mordor Muster [The Lord of the Rings: Tales of Middle-Earth],$240 CLP,https://inekosingles.com/products/mordor-muster-the-lord-of-the-rings-tales-of-middle-earth?_pos=1&_sid=a68494d3e&_ss=r,Parcial / Hay disponible
Mordor Muster,Mordor Muster [The Lord of the Rings: Tales of Middle-Earth Showcase Scrolls],Agotado,https://inekosingles.com/products/mordor-muster-the-lord-of-the-rings-tales-of-middle-earth-showcase-scrolls?_pos=3&_sid=a68494d3e&_ss=r,Parcial / Hay disponible
Dreg Recycler,Dreg Recycler [March of the Machine],$240 CLP,https://inekosingles.com/products/dreg-recycler-march-of-the-machine?_pos=1&_sid=f8b4a6eb5&_ss=r,Parcial / Hay disponible
Acolyte of Aclazotz,Acolyte of Aclazotz,Agotado,https://inekosingles.com/search?q=Acolyte%20of%20Aclazotz,Todo agotado
Thallid Soothsayer,Thallid Soothsayer,Agotado,https://inekosingles.com/search?q=Thallid%20Soothsayer,Todo agotado
"Keskit, the Flesh Sculptor","Keskit, the Flesh Sculptor [Commander Legends]",$240 CLP,https://inekosingles.com/products/keskit-the-flesh-sculptor-commander-legends?_pos=1&_sid=53eb0372f&_ss=r,Parcial / Hay disponible
"Keskit, the Flesh Sculptor","Keskit, the Flesh Sculptor (Etched) [Commander Legends]",Agotado,https://inekosingles.com/products/keskit-the-flesh-sculptor-etched-commander-legends?_pos=4&_sid=53eb0372f&_ss=r,Parcial / Hay disponible
"Keskit, the Flesh Sculptor","Keskit, the Flesh Sculptor [March of the Machine Commander]",Agotado,https://inekosingles.com/products/keskit-the-flesh-sculptor-march-of-the-machine-commander?_pos=5&_sid=53eb0372f&_ss=r,Parcial / Hay disponible
Pharika's Libation,Pharika's Libation,No encontrado,https://inekosingles.com/search?q=Pharika%27s%20Libation,No encontrado
The Long Reach of Night,The Long Reach of Night,Agotado,https://inekosingles.com/search?q=The%20Long%20Reach%20of%20Night,Todo agotado
Dig Up the Body,Dig Up the Body [Streets of New Capenna],$180 CLP,https://inekosingles.com/products/dig-up-the-body-streets-of-new-capenna?_pos=1&_sid=ccade8042&_ss=r,Parcial / Hay disponible
Midnight Recovery,Midnight Recovery,Agotado,https://inekosingles.com/search?q=Midnight%20Recovery,Todo agotado
Carrier Thrall,Carrier Thrall,Agotado,https://inekosingles.com/search?q=Carrier%20Thrall,Todo agotado
Blood Beckoning,Blood Beckoning [Zendikar Rising],$192 CLP,https://inekosingles.com/products/blood-beckoning-zendikar-rising?_pos=1&_sid=477fb2175&_ss=r,Parcial / Hay disponible
Blood Beckoning,Blood Beckoning [Foundations Jumpstart],Agotado,https://inekosingles.com/products/blood-beckoning-foundations-jumpstart?_pos=7&_sid=477fb2175&_ss=r,Parcial / Hay disponible
"Falthis, Shadowcat Familiar","Falthis, Shadowcat Familiar [Commander Legends]",$300 CLP,https://inekosingles.com/products/falthis-shadowcat-familiar-commander-legends?_pos=1&_sid=5de1f0dcf&_ss=r,Parcial / Hay disponible
"Falthis, Shadowcat Familiar","Falthis, Shadowcat Familiar (Etched) [Commander Legends]",Agotado,https://inekosingles.com/products/falthis-shadowcat-familiar-etched-commander-legends?_pos=8&_sid=5de1f0dcf&_ss=r,Parcial / Hay disponible
Embrace Oblivion,Embrace Oblivion [Edge of Eternities],$180 CLP,https://inekosingles.com/products/embrace-oblivion-edge-of-eternities?_pos=1&_sid=f5fa73d14&_ss=r,Parcial / Hay disponible
Embrace Oblivion,Embrace Oblivion Art Card [Edge of Eternities Art Series],Agotado,https://inekosingles.com/products/embrace-oblivion-art-card-edge-of-eternities-art-series?_pos=6&_sid=f5fa73d14&_ss=r,Parcial / Hay disponible
Embrace Oblivion,Embrace Oblivion Art Card (Gold-Stamped Signature) [Edge of Eternities Art Series],Agotado,https://inekosingles.com/products/embrace-oblivion-art-card-gold-stamped-signature-edge-of-eternities-art-series?_pos=7&_sid=f5fa73d14&_ss=r,Parcial / Hay disponible
Bone Splinters,Bone Splinters [Battle for Zendikar],$216 CLP,https://inekosingles.com/products/bone-splinters-battle-for-zendikar?_pos=1&_sid=15f8edaaa&_ss=r,Parcial / Hay disponible
Bone Splinters,Bone Splinters [Jumpstart],$204 CLP,https://inekosingles.com/products/bone-splinters-jumpstart?_pos=2&_sid=15f8edaaa&_ss=r,Parcial / Hay disponible
Bone Splinters,Bone Splinters [Dominaria United],$204 CLP,https://inekosingles.com/products/bone-splinters-dominaria-united?_pos=3&_sid=15f8edaaa&_ss=r,Parcial / Hay disponible
Bone Splinters,Bone Splinters [Core Set 2020],$360 CLP,https://inekosingles.com/products/bone-splinters-core-set-2020?_pos=4&_sid=15f8edaaa&_ss=r,Parcial / Hay disponible
Bone Splinters,Bone Splinters [Avacyn Restored],Agotado,https://inekosingles.com/products/bone-splinters-avacyn-restored?_pos=6&_sid=15f8edaaa&_ss=r,Parcial / Hay disponible
Bone Splinters,Bone Splinters [Mystery Booster],Agotado,https://inekosingles.com/products/bone-splinters-mystery-booster?_pos=7&_sid=15f8edaaa&_ss=r,Parcial / Hay disponible
Bone Splinters,Bone Splinters [Shards of Alara],Agotado,https://inekosingles.com/products/bone-splinters-shards-of-alara?_pos=8&_sid=15f8edaaa&_ss=r,Parcial / Hay disponible
Bone Splinters,Bone Splinters [Game Night 2018],Agotado,https://inekosingles.com/products/bone-splinters-game-night-2018?_pos=9&_sid=15f8edaaa&_ss=r,Parcial / Hay disponible
Bone Splinters,Bone Splinters [Modern Masters 2017],Agotado,https://inekosingles.com/products/bone-splinters-modern-masters-2017?_pos=10&_sid=15f8edaaa&_ss=r,Parcial / Hay disponible
Bone Splinters,Bone Splinters [Modern Masters 2015],Agotado,https://inekosingles.com/products/bone-splinters-modern-masters-2015?_pos=11&_sid=15f8edaaa&_ss=r,Parcial / Hay disponible
Bone Splinters,Bone Splinters Art Card [Dominaria United Art Series],Agotado,https://inekosingles.com/products/bone-splinters-art-card-dominaria-united-art-series?_pos=12&_sid=15f8edaaa&_ss=r,Parcial / Hay disponible
Bone Splinters,Bone Splinters [Duel Decks: Speed vs. Cunning],Agotado,https://inekosingles.com/products/bone-splinters-duel-decks-speed-vs-cunning?_pos=13&_sid=15f8edaaa&_ss=r,Parcial / Hay disponible
Bone Splinters,Both Down - Bone Splinters (Borderless) [Secret Lair Drop Series],Agotado,https://inekosingles.com/products/both-down-bone-splinters-borderless-secret-lair-drop-series?_pos=14&_sid=15f8edaaa&_ss=r,Parcial / Hay disponible
Bone Splinters,Bone Splinters Art Card (Gold-Stamped Signature) [Dominaria United Art Series],Agotado,https://inekosingles.com/products/bone-splinters-art-card-gold-stamped-signature-dominaria-united-art-series?_pos=15&_sid=15f8edaaa&_ss=r,Parcial / Hay disponible
Lash of the Balrog,Lash of the Balrog [The Lord of the Rings: Tales of Middle-Earth],$240 CLP,https://inekosingles.com/products/lash-of-the-balrog-the-lord-of-the-rings-tales-of-middle-earth?_pos=1&_sid=cf16b2e16&_ss=r,Parcial / Hay disponible
Lash of the Balrog,Lash of the Balrog (Borderless Alternate Art) [The Lord of the Rings: Tales of Middle-Earth],$240 CLP,https://inekosingles.com/products/lash-of-the-balrog-borderless-alternate-art-the-lord-of-the-rings-tales-of-middle-earth?_pos=2&_sid=cf16b2e16&_ss=r,Parcial / Hay disponible
Lash of the Balrog,Lash of the Balrog [The Lord of the Rings: Tales of Middle-Earth Showcase Scrolls],Agotado,https://inekosingles.com/products/lash-of-the-balrog-the-lord-of-the-rings-tales-of-middle-earth-showcase-scrolls?_pos=3&_sid=cf16b2e16&_ss=r,Parcial / Hay disponible
Slum Reaper,Slum Reaper,Error,https://inekosingles.com/search?q=Lash%20of%20the%20Balrog,Error al buscar
Vicious Offering,Vicious Offering,Error,https://inekosingles.com/search?q=Lash%20of%20the%20Balrog,Error al buscar
Ultimate Price,Ultimate Price,Error,https://inekosingles.com/search?q=Lash%20of%20the%20Balrog,Error al buscar
Assassin's Ink,Assassin's Ink,Error,https://inekosingles.com/search?q=Lash%20of%20the%20Balrog,Error al buscar
Dire Fleet Hoarder,Dire Fleet Hoarder,Error,https://inekosingles.com/search?q=Lash%20of%20the%20Balrog,Error al buscar
Innocuous Rat,Innocuous Rat,Error,https://inekosingles.com/search?q=Lash%20of%20the%20Balrog,Error al buscar
Cauldron's Gift,Cauldron's Gift,Error,https://inekosingles.com/search?q=Lash%20of%20the%20Balrog,Error al buscar
March of the Returned,March of the Returned,Error,https://inekosingles.com/search?q=Lash%20of%20the%20Balrog,Error al buscar
Emergency Weld,Emergency Weld,Error,https://inekosingles.com/search?q=Lash%20of%20the%20Balrog,Error al buscar
Blood Price,Blood Price,Error,https://inekosingles.com/search?q=Lash%20of%20the%20Balrog,Error al buscar
Valgavoth's Faithful,Valgavoth's Faithful,Error,https://inekosingles.com/search?q=Lash%20of%20the%20Balrog,Error al buscar
Spin Out,Spin Out,Error,https://inekosingles.com/search?q=Lash%20of%20the%20Balrog,Error al buscar
Viper's Kiss,Viper's Kiss,Error,https://inekosingles.com/search?q=Lash%20of%20the%20Balrog,Error al buscar
Dark Bargain,Dark Bargain,Error,https://inekosingles.com/search?q=Lash%20of%20the%20Balrog,Error al buscar
Shadow Prophecy,Shadow Prophecy,Error,https://inekosingles.com/search?q=Lash%20of%20the%20Balrog,Error al buscar
Unlikely Aid,Unlikely Aid,Error,https://inekosingles.com/search?q=Lash%20of%20the%20Balrog,Error al buscar
Undercity's Embrace,Undercity's Embrace,Error,https://inekosingles.com/search?q=Lash%20of%20the%20Balrog,Error al buscar
Nasty End,Nasty End,Error,https://inekosingles.com/search?q=Lash%20of%20the%20Balrog,Error al buscar
Gilt-Leaf Winnower,Gilt-Leaf Winnower,Error,https://inekosingles.com/search?q=Lash%20of%20the%20Balrog,Error al buscar
Gravedigger,Gravedigger,Error,https://inekosingles.com/search?q=Lash%20of%20the%20Balrog,Error al buscar
Bladebrand,Bladebrand,Error,https://inekosingles.com/search?q=Lash%20of%20the%20Balrog,Error al buscar
Writhing Necromass,Writhing Necromass,Error,https://inekosingles.com/search?q=Lash%20of%20the%20Balrog,Error al buscar
Gravpack Monoist,Gravpack Monoist,Error,https://inekosingles.com/search?q=Lash%20of%20the%20Balrog,Error al buscar
Etched Familiar,Etched Familiar,Error,https://inekosingles.com/search?q=Lash%20of%20the%20Balrog,Error al buscar
Bond of Revival,Bond of Revival,Error,https://inekosingles.com/search?q=Lash%20of%20the%20Balrog,Error al buscar
Return Upon the Tide,Return Upon the Tide,Error,https://inekosingles.com/search?q=Lash%20of%20the%20Balrog,Error al buscar
Sam's Desperate Rescue,Sam's Desperate Rescue,Error,https://inekosingles.com/search?q=Lash%20of%20the%20Balrog,Error al buscar
Minions' Murmurs,Minions' Murmurs,Error,https://inekosingles.com/search?q=Lash%20of%20the%20Balrog,Error al buscar
Bloodsoaked Altar,Bloodsoaked Altar,Error,https://inekosingles.com/search?q=Lash%20of%20the%20Balrog,Error al buscar
